{
  "punch 1" : {
    "speed" : 1,
    "damage" : [1, 2, 0]
  },
  "punch 2" : {
    "speed" : 1,
    "damage" : [1, 3, 0]
  },
  "kick 1" : {
    "speed" : 1,
    "damage" : [1, 3, 0]
  },
  "kick 2" : {
    "speed" : 1,
    "damage" : [1, 4, 0]
  },
  "claws 1" : {
    "speed" : 1,
    "damage" : [1, 2, 0]
  },
  "claws 2" : {
    "speed" : 1,
    "damage" : [1, 3, 0]
  },
  "bite 1" : {
    "speed" : 1,
    "damage" : [1, 3, 0]
  },
  "bite 2" : {
    "speed" : 1,
    "damage" : [1, 4, 0]
  }
}
